<application>
  <component name="FileTypeManager" version="18">
    <ignoreFiles list="*.pyc;*.pyo;*.rbc;*.yarb;.DS_Store;.git;.hg;.svn;CVS;__pycache__;_svn;vssver.scc;vssver2.scc" />
    <extensionMap>
      <mapping ext="hjson" type="PLAIN_TEXT" />
      <removed_mapping ext="bat" approved="true" type="Bat" />
      <removed_mapping ext="cmd" approved="true" type="Cmd" />
      <removed_mapping ext="ignore" approved="true" type="IgnoreLang file" />
      <removed_mapping ext="template" approved="true" type="PLAIN_TEXT" />
    </extensionMap>
  </component>
</application>