<application>
  <component name="GeneralSettings">
    <option name="confirmExit" value="false" />
    <option name="confirmOpenNewProject2" value="0" />
    <option name="processCloseConfirmation" value="TERMINATE" />
    <option name="reopenLastProject" value="false" />
  </component>
  <component name="Registry">
    <entry key="ide.borderless.title.product" value="false" />
    <entry key="ide.borderless.title.version" value="false" />
    <entry key="rdclient.asyncActions" value="false" />
    <entry key="ide.svg.icon" value="true" />
    <entry key="ide.win.frame.decoration" value="true" />
    <entry key="show.log.as.editor.tab" value="false" />
    <entry key="show.diff.preview.as.editor.tab" value="true" />
    <entry key="vcs.log.show.diff.preview.as.editor.tab" value="true" />
    <entry key="ide.balloon.shadow.size" value="0" />
  </component>
</application>