<keymap version="1" name="Visual Studio copy" parent="Visual Studio">
  <action id="Debug">
    <keyboard-shortcut first-keystroke="alt f5" />
    <keyboard-shortcut first-keystroke="alt period" />
  </action>
  <action id="HippieCompletion" />
  <action id="MainMenuButton.ShowMenu" />
  <action id="Run">
    <keyboard-shortcut first-keystroke="ctrl f5" />
    <keyboard-shortcut first-keystroke="alt comma" />
  </action>
  <action id="Stop">
    <keyboard-shortcut first-keystroke="shift f5" />
    <keyboard-shortcut first-keystroke="alt slash" />
  </action>
</keymap>